chain,res_idx,res_name,sec_type,sasa,phi,psi,b_factor,hbond_density,hydropathy,volume,charge,hydrophobic,aromatic,positive,negative,pro_or_gly,salt_bridge,pi_stack
A,0,SER,-,0.5846153846153846,360.0,169.3,,-0.6,-0.8,89.0,0,0,0,0,0,0,0,0
A,1,LYS,T,0.3951219512195122,-74.2,-36.7,,-0.6,-3.9,168.6,1,0,0,1,0,0,0,0
A,2,GLY,T,0.0,-96.3,-24.0,86.54,-3.4000000000000004,-0.4,60.1,0,0,0,0,0,1,0,0
A,3,GLU,G,0.4175257731958763,-38.8,-49.5,76.16,-2.1,-3.5,138.4,-1,0,0,0,1,0,1,0
A,4,GLU,G,0.8041237113402062,-61.1,-24.9,57.39,-2.0,-3.5,138.4,-1,0,0,0,1,0,0,0
A,5,LEU,G,0.39634146341463417,-73.6,-19.3,37.78,-3.4,3.8,166.7,0,1,0,0,0,0,1,0
A,6,PHE,G,0.025380710659898477,-107.9,16.6,31.07,-2.6,2.8,189.9,0,1,1,0,0,0,0,0
A,7,THR,S,0.7535211267605634,-64.9,-31.4,26.93,-1.3000000000000003,-0.7,116.1,0,0,0,0,0,0,0,0
A,8,GLY,S,0.42857142857142855,-115.2,-162.0,25.9,-1.5,-0.4,60.1,0,0,0,0,0,1,0,1
A,9,VAL,-,0.6126760563380281,-80.0,120.0,36.03,-0.5,4.2,140.0,0,1,0,0,0,0,0,0
A,10,VAL,E,0.06338028169014084,-107.2,129.8,31.77,-5.6,4.2,140.0,0,1,0,0,0,0,0,0
A,11,PRO,E,0.3602941176470588,-69.0,145.0,26.21,-3.0,-1.6,112.7,0,0,0,0,0,1,0,0
A,12,ILE,E,0.029585798816568046,-124.4,142.1,24.92,-5.500000000000001,4.5,166.7,0,1,0,0,0,0,0,0
A,13,LEU,E,0.34146341463414637,-129.7,124.2,23.02,-5.800000000000001,3.8,166.7,0,1,0,0,0,0,0,0
A,14,VAL,E,0.0,-121.4,129.5,19.76,-7.1000000000000005,4.2,140.0,0,1,0,0,0,0,0,0
A,15,GLU,E,0.33505154639175255,-130.5,119.9,23.27,-7.000000000000001,-3.5,138.4,-1,0,0,0,1,0,0,0
A,16,LEU,E,0.012195121951219513,-127.3,138.3,20.74,-6.1000000000000005,3.8,166.7,0,1,0,0,0,0,0,0
A,17,ASP,E,0.5766871165644172,-120.1,122.4,18.1,-6.4,-3.5,111.1,-1,0,0,0,1,0,1,0
A,18,GLY,E,0.08333333333333333,-134.8,158.3,20.65,-6.0,-0.4,60.1,0,0,0,0,0,1,0,0
A,19,ASP,E,0.2883435582822086,-141.3,114.7,25.45,-5.699999999999999,-3.5,111.1,-1,0,0,0,1,0,0,0
A,20,VAL,E,0.0,-119.9,109.2,25.7,-4.800000000000001,4.2,140.0,0,1,0,0,0,0,0,0
A,21,ASN,T,0.3821656050955414,54.7,47.3,26.83,-3.7,-3.5,114.1,0,0,0,0,0,0,1,0
A,22,GLY,T,0.6904761904761905,78.7,1.3,20.15,-1.7,-0.4,60.1,0,0,0,0,0,1,0,0
A,23,HIS,E,0.5380434782608695,-95.4,102.9,28.56,-4.7,-3.2,153.2,1,0,1,1,0,0,0,0
A,24,LYS,E,0.824390243902439,-86.2,143.5,30.04,-1.7,-3.9,168.6,1,0,0,1,0,0,0,0
A,25,PHE,E,0.025380710659898477,-161.4,166.6,35.39,-5.699999999999999,2.8,189.9,0,1,1,0,0,0,1,1
A,26,SER,E,0.2076923076923077,-142.4,139.2,28.89,-3.6,-0.8,89.0,0,0,0,0,0,0,0,0
A,27,VAL,E,0.007042253521126761,-130.7,137.3,25.26,-5.9,4.2,140.0,0,1,0,0,0,0,0,1
A,28,SER,E,0.3076923076923077,-118.0,139.4,24.17,-5.9,-0.8,89.0,0,0,0,0,0,0,0,0
A,29,GLY,E,0.011904761904761904,-138.4,145.2,21.57,-7.0,-0.4,60.1,0,0,0,0,0,1,0,0
A,30,GLU,E,0.7474226804123711,-132.9,146.5,21.51,-4.8999999999999995,-3.5,138.4,-1,0,0,0,1,0,0,0
A,31,GLY,E,0.23809523809523808,-179.5,-162.2,21.5,-5.5,-0.4,60.1,0,0,0,0,0,1,0,0
A,32,GLU,E,0.5670103092783505,-137.3,155.5,17.52,-5.1000000000000005,-3.5,138.4,-1,0,0,0,1,0,1,0
A,33,GLY,E,0.011904761904761904,-131.4,137.3,22.19,-5.7,-0.4,60.1,0,0,0,0,0,1,0,0
A,34,ASP,E,0.17791411042944785,-130.4,85.0,23.09,-7.700000000000001,-3.5,111.1,-1,0,0,0,1,0,0,0
A,35,ALA,G,0.07547169811320754,-54.5,-26.4,21.8,-1.8,1.8,88.6,0,0,0,0,0,0,0,0
A,36,THR,G,0.5,-59.7,-32.3,23.66,-0.9999999999999999,-0.7,116.1,0,0,0,0,0,0,1,0
A,37,TYR,G,0.6666666666666666,-112.0,10.1,17.73,-2.6,-1.3,193.6,0,0,1,0,0,0,0,0
A,38,GLY,T,0.0,54.2,36.5,21.73,-3.6999999999999997,-0.4,60.1,0,0,0,0,0,1,0,0
A,39,LYS,E,0.4,-107.6,139.0,21.53,-5.900000000000001,-3.9,168.6,1,0,0,1,0,0,0,1
A,40,LEU,E,0.04878048780487805,-134.7,135.2,25.92,-5.300000000000001,3.8,166.7,0,1,0,0,0,0,0,0
A,41,THR,E,0.352112676056338,-135.0,117.2,16.59,-5.200000000000001,-0.7,116.1,0,0,0,0,0,0,1,0
A,42,LEU,E,0.04878048780487805,-138.5,144.6,22.55,-6.800000000000001,3.8,166.7,0,1,0,0,0,0,0,0
A,43,LYS,E,0.2780487804878049,-125.0,119.5,19.64,-4.8999999999999995,-3.9,168.6,1,0,0,1,0,0,0,0
A,44,PHE,E,0.0,-106.0,145.7,22.3,-5.600000000000001,2.8,189.9,0,1,1,0,0,0,0,0
A,45,ILE,E,0.10650887573964497,-132.0,130.3,22.73,-6.3,4.5,166.7,0,1,0,0,0,0,1,0
A,46,CYS,E,0.022222222222222223,-82.3,108.1,24.26,-4.1,2.5,108.5,0,0,0,0,0,0,0,1
A,47,THR,T,0.5985915492957746,-75.3,-21.8,27.72,-3.4000000000000004,-0.7,116.1,0,0,0,0,0,0,0,0
A,48,THR,T,0.5704225352112676,-91.8,13.4,26.8,-1.9000000000000001,-0.7,116.1,0,0,0,0,0,0,0,0
A,49,GLY,S,0.47619047619047616,112.8,-112.1,30.78,-2.1,-0.4,60.1,0,0,0,0,0,1,0,0
A,50,LYS,S,0.9073170731707317,-103.3,132.0,33.73,-0.7,-3.9,168.6,1,0,0,1,0,0,0,0
A,51,LEU,-,0.04878048780487805,-66.4,125.0,37.62,-0.7,3.8,166.7,0,1,0,0,0,0,0,0
A,52,PRO,S,0.16911764705882354,-72.2,-21.2,40.78,-0.30000000000000004,-1.6,112.7,0,0,0,0,0,1,1,0
A,53,VAL,S,0.007042253521126761,-115.3,170.0,29.41,-0.5,4.2,140.0,0,1,0,0,0,0,0,0
A,54,PRO,-,0.07352941176470588,-81.9,136.8,27.68,-2.2,-1.6,112.7,0,0,0,0,0,1,0,0
A,55,TRP,G,0.05726872246696035,-45.5,-45.7,29.89,-3.5,-0.9,227.8,0,1,1,0,0,0,0,0
A,56,PRO,G,0.029411764705882353,-55.8,-29.3,25.62,-1.1,-1.6,112.7,0,0,0,0,0,1,0,0
A,57,THR,G,0.014084507042253521,-71.1,-19.1,23.16,-2.3000000000000003,-0.7,116.1,0,0,0,0,0,0,0,1
A,58,LEU,G,0.0,-95.2,-10.2,18.58,-6.2,3.8,166.7,0,1,0,0,0,0,0,0
A,59,VAL,T,0.04225352112676056,-46.1,-58.3,15.22,-1.6,4.2,140.0,0,1,0,0,0,0,0,0
A,60,THR,T,0.2112676056338028,-63.2,-23.6,16.06,-1.0999999999999999,-0.7,116.1,0,0,0,0,0,0,0,0
A,61,THR,T,0.04929577464788732,-78.4,-48.0,21.95,-1.4,-0.7,116.1,0,0,0,0,0,0,0,0
A,62,PHE,-,0.04060913705583756,-66.9,360.0,17.65,-3.2000000000000006,2.8,189.9,0,1,1,0,0,0,0,0
A,64,VAL,-,0.14084507042253522,360.0,64.6,10.35,-2.4000000000000004,4.2,140.0,0,1,0,0,0,0,0,1
A,65,GLN,G,0.12626262626262627,-65.2,-4.2,,-2.3000000000000003,-3.5,143.8,0,0,0,0,0,0,0,0
A,66,CYS,G,0.0,-69.9,-12.7,,-0.9,2.5,108.5,0,0,0,0,0,0,0,0
A,67,PHE,G,0.005076142131979695,-88.3,3.9,,-2.6999999999999997,2.8,189.9,0,1,1,0,0,0,0,0
A,68,SER,S,0.0,-67.5,149.6,21.18,-2.6,-0.8,89.0,0,0,0,0,0,0,0,0
A,69,ARG,B,0.4112903225806452,-93.0,118.7,15.86,-5.8999999999999995,-4.5,173.4,1,0,0,1,0,0,0,0
A,70,TYR,P,0.08108108108108109,-103.2,119.2,18.62,-1.1,-1.3,193.6,0,0,1,0,0,0,0,0
A,71,PRO,P,0.16911764705882354,-60.1,146.6,13.34,-3.9000000000000004,-1.6,112.7,0,0,0,0,0,1,0,1
A,72,ASP,G,0.7423312883435583,-40.3,-46.0,19.67,-1.5999999999999999,-3.5,111.1,-1,0,0,0,1,0,0,0
A,73,HIS,G,0.6684782608695652,-65.1,-20.4,26.66,-0.8,-3.2,153.2,1,0,1,1,0,0,0,0
A,74,MET,G,0.005319148936170213,-103.0,-0.6,22.98,-6.800000000000001,1.9,162.9,0,1,0,0,0,0,0,1
A,75,LYS,G,0.3804878048780488,-45.6,-36.5,24.41,-3.4000000000000004,-3.9,168.6,1,0,0,1,0,0,0,0
A,76,ARG,G,0.625,-70.5,-3.1,23.68,-0.9,-4.5,173.4,1,0,0,1,0,0,1,0
A,77,HIS,G,0.02717391304347826,-102.2,1.4,32.51,-5.1,-3.2,153.2,1,0,1,1,0,0,1,0
A,78,ASP,-,0.06134969325153374,-83.6,85.7,29.91,-3.5,-3.5,111.1,-1,0,0,0,1,0,0,0
A,79,PHE,H,0.005076142131979695,-64.9,-41.7,27.91,-3.0,2.8,189.9,0,1,1,0,0,0,1,0
A,80,PHE,H,0.005076142131979695,-52.4,-55.1,27.74,-1.0999999999999999,2.8,189.9,0,1,1,0,0,0,1,0
A,81,LYS,H,0.06341463414634146,-70.3,-36.2,20.36,-2.4000000000000004,-3.9,168.6,1,0,0,1,0,0,1,1
A,82,SER,H,0.023076923076923078,-58.7,-24.1,21.02,-2.1,-0.8,89.0,0,0,0,0,0,0,1,0
A,83,ALA,T,0.018867924528301886,-82.6,-10.6,20.81,-4.1,1.8,88.6,0,0,0,0,0,0,0,1
A,84,MET,T,0.0,-80.8,152.0,15.92,-2.3000000000000003,1.9,162.9,0,1,0,0,0,0,0,1
A,85,PRO,T,0.4117647058823529,-91.2,-4.0,20.53,-1.7,-1.6,112.7,0,0,0,0,0,1,1,0
A,86,GLU,T,0.3865979381443299,-53.9,-42.7,18.42,-0.6,-3.5,138.4,-1,0,0,0,1,0,0,0
A,87,GLY,-,0.0,105.9,-179.6,24.72,-5.999999999999999,-0.4,60.1,0,0,0,0,0,1,0,0
A,88,TYR,E,0.0,-143.6,159.4,20.7,-5.7,-1.3,193.6,0,0,1,0,0,0,0,0
A,89,VAL,E,0.07746478873239436,-97.3,131.6,24.36,-5.8999999999999995,4.2,140.0,0,1,0,0,0,0,0,0
A,90,GLN,E,0.05555555555555555,-117.7,114.1,22.77,-6.1000000000000005,-3.5,143.8,0,0,0,0,0,0,1,0
A,91,GLU,E,0.37628865979381443,-115.7,140.1,30.59,-6.3,-3.5,138.4,-1,0,0,0,1,0,0,0
A,92,ARG,E,0.04435483870967742,-145.4,158.1,23.07,-6.200000000000001,-4.5,173.4,1,0,0,1,0,0,0,1
A,93,THR,E,0.33098591549295775,-131.8,121.9,23.81,-4.199999999999999,-0.7,116.1,0,0,0,0,0,0,0,0
A,94,ILE,E,0.0,-116.2,114.4,18.39,-6.8,4.5,166.7,0,1,0,0,0,0,0,0
A,95,PHE,E,0.5228426395939086,-96.6,113.8,18.18,-5.6000000000000005,2.8,189.9,0,1,1,0,0,0,1,0
A,96,PHE,E,0.025380710659898477,-86.7,113.7,22.9,-4.9,2.8,189.9,0,1,1,0,0,0,1,0
A,97,LYS,T,0.6292682926829268,-46.3,130.6,21.3,-3.0000000000000004,-3.9,168.6,1,0,0,1,0,0,0,0
A,98,ASP,T,0.9202453987730062,55.3,34.4,17.88,-0.8,-3.5,111.1,-1,0,0,0,1,0,0,0
A,99,ASP,S,0.15337423312883436,-157.8,-165.4,24.78,-2.4000000000000004,-3.5,111.1,-1,0,0,0,1,0,0,1
A,100,GLY,-,0.0,-72.3,-169.1,20.63,-2.8000000000000003,-0.4,60.1,0,0,0,0,0,1,0,1
A,101,ASN,E,0.1910828025477707,-143.7,150.1,23.9,-4.6000000000000005,-3.5,114.1,0,0,0,0,0,0,1,0
A,102,TYR,E,0.0,-102.6,141.6,27.06,-6.499999999999999,-1.3,193.6,0,0,1,0,0,0,1,0
A,103,LYS,E,0.5658536585365853,-123.1,118.0,28.4,-7.300000000000001,-3.9,168.6,1,0,0,1,0,0,1,0
A,104,THR,E,0.06338028169014084,-125.2,151.5,21.61,-6.300000000000001,-0.7,116.1,0,0,0,0,0,0,0,0
A,105,ARG,E,0.3911290322580645,-141.1,120.6,27.54,-5.1000000000000005,-4.5,173.4,1,0,0,1,0,0,0,0
A,106,ALA,E,0.04716981132075472,-133.0,161.6,27.88,-6.1000000000000005,1.8,88.6,0,0,0,0,0,0,0,1
A,107,GLU,E,0.3917525773195876,-124.9,123.7,20.81,-4.6,-3.5,138.4,-1,0,0,0,1,0,1,0
A,108,VAL,E,0.007042253521126761,-113.3,118.1,21.83,-5.7,4.2,140.0,0,1,0,0,0,0,0,0
A,109,LYS,E,0.3463414634146341,-165.8,168.1,21.86,-7.7,-3.9,168.6,1,0,0,1,0,0,1,0
A,110,PHE,E,0.09644670050761421,-87.2,138.4,17.48,-2.4,2.8,189.9,0,1,1,0,0,0,0,0
A,111,GLU,E,0.5927835051546392,-122.5,91.1,21.34,-5.8,-3.5,138.4,-1,0,0,0,1,0,1,0
A,112,GLY,T,0.7619047619047619,72.5,-121.8,17.48,-0.8,-0.4,60.1,0,0,0,0,0,1,0,0
A,113,ASP,T,1.0,-101.3,6.8,20.79,-1.2,-3.5,111.1,-1,0,0,0,1,0,1,0
A,114,THR,E,0.28169014084507044,-106.4,138.6,23.91,-5.799999999999999,-0.7,116.1,0,0,0,0,0,0,0,1
A,115,LEU,E,0.0,-87.7,122.8,25.24,-6.100000000000001,3.8,166.7,0,1,0,0,0,0,1,0
A,116,VAL,E,0.14084507042253522,-111.4,139.6,23.08,-7.9,4.2,140.0,0,1,0,0,0,0,0,0
A,117,ASN,E,0.025477707006369428,-127.5,98.4,24.61,-5.8,-3.5,114.1,0,0,0,0,0,0,0,0
A,118,ARG,E,0.6491935483870968,-102.3,114.5,22.74,-4.6000000000000005,-4.5,173.4,1,0,0,1,0,0,0,0
A,119,ILE,E,0.023668639053254437,-119.2,144.9,20.54,-7.5,4.5,166.7,0,1,0,0,0,0,0,0
A,120,GLU,E,0.5257731958762887,-118.9,123.1,20.0,-5.300000000000001,-3.5,138.4,-1,0,0,0,1,0,0,0
A,121,LEU,E,0.042682926829268296,-123.9,133.0,22.94,-5.8,3.8,166.7,0,1,0,0,0,0,0,0
A,122,LYS,E,0.47317073170731705,-125.9,120.5,21.31,-7.5,-3.9,168.6,1,0,0,1,0,0,1,0
A,123,GLY,E,0.011904761904761904,-116.5,125.9,21.54,-6.6,-0.4,60.1,0,0,0,0,0,1,0,0
A,124,ILE,E,0.41420118343195267,-131.3,164.5,20.96,-4.5,4.5,166.7,0,1,0,0,0,0,1,0
A,125,ASP,S,0.6196319018404908,64.2,27.1,21.02,-0.7999999999999999,-3.5,111.1,-1,0,0,0,1,0,0,0
A,126,PHE,-,0.04568527918781726,-84.5,149.1,23.31,-1.1,2.8,189.9,0,1,1,0,0,0,1,0
A,127,LYS,-,0.5317073170731708,-87.8,121.1,28.35,-2.8000000000000003,-3.9,168.6,1,0,0,1,0,0,0,0
A,128,GLU,T,0.8762886597938144,-56.2,-19.7,28.03,-1.0,-3.5,138.4,-1,0,0,0,1,0,0,0
A,129,ASP,T,0.7852760736196319,-116.3,11.7,27.22,-0.5,-3.5,111.1,-1,0,0,0,1,0,1,0
A,130,GLY,S,0.19047619047619047,-78.6,-166.1,24.19,-3.2,-0.4,60.1,0,0,0,0,0,1,0,1
A,131,ASN,T,0.24203821656050956,-67.8,-34.9,33.11,-3.9000000000000004,-3.5,114.1,0,0,0,0,0,0,1,0
A,132,ILE,T,0.0,-74.9,-72.6,43.27,-2.6000000000000005,4.5,166.7,0,1,0,0,0,0,1,0
A,133,LEU,T,0.1524390243902439,-58.1,-33.2,51.77,-0.9999999999999999,3.8,166.7,0,1,0,0,0,0,1,0
A,134,GLY,T,0.39285714285714285,-80.8,-1.7,46.85,-1.8,-0.4,60.1,0,0,0,0,0,1,0,0
A,135,HIS,T,0.4673913043478261,49.9,58.2,30.11,-2.5000000000000004,-3.2,153.2,1,0,1,1,0,0,0,0
A,136,LYS,-,0.4,-103.9,1.5,25.08,-5.8999999999999995,-3.9,168.6,1,0,0,1,0,0,0,0
A,137,LEU,B,0.07926829268292683,-80.3,143.8,32.98,-1.2999999999999998,3.8,166.7,0,1,0,0,0,0,0,0
A,138,GLU,-,0.3556701030927835,-80.7,150.1,29.58,-4.8999999999999995,-3.5,138.4,-1,0,0,0,1,0,0,0
A,139,TYR,S,0.34234234234234234,-82.3,74.9,33.44,-0.7,-1.3,193.6,0,0,1,0,0,0,0,0
A,140,ASN,-,0.3503184713375796,-162.9,-174.6,29.48,-2.3000000000000003,-3.5,114.1,0,0,0,0,0,0,1,0
A,141,TYR,-,0.12612612612612611,-163.4,146.0,29.15,-0.7999999999999999,-1.3,193.6,0,0,1,0,0,0,0,0
A,142,ASN,-,0.40764331210191085,-107.8,164.3,26.13,-0.9,-3.5,114.1,0,0,0,0,0,0,1,0
A,143,SER,-,0.6153846153846154,-78.8,141.2,23.34,-0.8,-0.8,89.0,0,0,0,0,0,0,0,1
A,144,HIS,E,0.10869565217391304,-142.7,161.7,21.93,-5.2,-3.2,153.2,1,0,1,1,0,0,0,0
A,145,ASN,E,0.4267515923566879,-104.1,130.9,23.19,-1.4,-3.5,114.1,0,0,0,0,0,0,0,1
A,146,VAL,E,0.035211267605633804,-109.6,116.9,23.95,-6.0,4.2,140.0,0,1,0,0,0,0,0,0
A,147,TYR,E,0.5405405405405406,-88.1,128.7,28.06,-3.4,-1.3,193.6,0,0,1,0,0,0,0,0
A,148,ILE,E,0.01775147928994083,-113.2,133.5,32.54,-6.0,4.5,166.7,0,1,0,0,0,0,0,1
A,149,MET,E,0.4148936170212766,-138.0,145.7,31.17,-5.3999999999999995,1.9,162.9,0,1,0,0,0,0,0,0
A,150,ALA,E,0.29245283018867924,-77.4,156.3,27.47,-1.4000000000000001,1.8,88.6,0,0,0,0,0,0,0,0
A,151,ASP,E,0.07975460122699386,-128.3,91.3,26.72,-6.5,-3.5,111.1,-1,0,0,0,1,0,0,1
A,152,LYS,T,0.8780487804878049,-59.7,-51.1,26.17,-2.2,-3.9,168.6,1,0,0,1,0,0,0,0
A,153,GLN,T,0.9747474747474747,-52.8,-34.0,31.79,-0.6,-3.5,143.8,0,0,0,0,0,0,0,0
A,154,LYS,T,0.4585365853658537,-108.9,8.9,32.04,-0.8999999999999999,-3.9,168.6,1,0,0,1,0,0,0,0
A,155,ASN,T,0.4394904458598726,49.4,37.4,41.87,-2.1,-3.5,114.1,0,0,0,0,0,0,1,0
A,156,GLY,E,0.0,-145.5,-160.1,50.32,-6.7,-0.4,60.1,0,0,0,0,0,1,1,0
A,157,ILE,E,0.011834319526627219,-128.3,160.7,53.55,-4.8,4.5,166.7,0,1,0,0,0,0,0,0
A,158,LYS,E,0.4,-121.5,135.0,48.9,-5.5,-3.9,168.6,1,0,0,1,0,0,1,0
A,159,VAL,E,0.0,-132.0,139.4,39.9,-5.500000000000001,4.2,140.0,0,1,0,0,0,0,0,0
A,160,ASN,E,0.3821656050955414,-137.4,136.8,26.07,-2.9999999999999996,-3.5,114.1,0,0,0,0,0,0,0,0
A,161,PHE,E,0.06091370558375635,-169.7,162.5,22.0,-5.500000000000001,2.8,189.9,0,1,1,0,0,0,0,0
A,162,LYS,E,0.4926829268292683,-120.0,137.3,26.91,-1.2,-3.9,168.6,1,0,0,1,0,0,1,0
A,163,ILE,E,0.023668639053254437,-107.5,137.8,23.36,-5.9,4.5,166.7,0,1,0,0,0,0,0,0
A,164,ARG,E,0.5967741935483871,-112.2,104.1,29.76,-1.4000000000000001,-4.5,173.4,1,0,0,1,0,0,0,0
A,165,HIS,E,0.05434782608695652,-89.7,126.7,25.64,-7.7,-3.2,153.2,1,0,1,1,0,0,0,1
A,166,ASN,E,0.25477707006369427,-76.6,131.3,21.96,-3.8,-3.5,114.1,0,0,0,0,0,0,1,0
A,167,ILE,B,0.03550295857988166,-94.2,153.3,17.08,-6.300000000000001,4.5,166.7,0,1,0,0,0,0,0,0
A,168,GLU,T,0.7680412371134021,-54.2,-30.2,25.34,-3.1,-3.5,138.4,-1,0,0,0,1,0,0,0
A,169,ASP,T,0.7484662576687117,-83.7,4.6,22.63,-0.7,-3.5,111.1,-1,0,0,0,1,0,0,1
A,170,GLY,S,0.8095238095238095,100.5,-13.6,21.97,-2.5,-0.4,60.1,0,0,0,0,0,1,0,0
A,171,SER,-,0.46923076923076923,-81.9,-177.5,21.8,-4.2,-0.8,89.0,0,0,0,0,0,0,0,0
A,172,VAL,E,0.4507042253521127,-131.7,136.7,23.3,-1.3,4.2,140.0,0,1,0,0,0,0,1,0
A,173,GLN,E,0.03535353535353535,-102.8,109.8,30.4,-7.3,-3.5,143.8,0,0,0,0,0,0,0,0
A,174,LEU,E,0.23170731707317074,-78.4,136.7,24.59,-3.4,3.8,166.7,0,1,0,0,0,0,0,0
A,175,ALA,E,0.0,-131.5,102.4,22.37,-5.699999999999999,1.8,88.6,0,0,0,0,0,0,0,0
A,176,ASP,E,0.1656441717791411,-87.5,116.9,31.06,-5.200000000000001,-3.5,111.1,-1,0,0,0,1,0,0,0
A,177,HIS,E,0.021739130434782608,-99.8,137.4,25.48,-5.7,-3.2,153.2,1,0,1,1,0,0,0,0
A,178,TYR,E,0.509009009009009,-125.1,120.4,22.26,-4.2,-1.3,193.6,0,0,1,0,0,0,0,0
A,179,GLN,E,0.015151515151515152,-133.1,138.8,19.98,-5.500000000000001,-3.5,143.8,0,0,0,0,0,0,0,0
A,180,GLN,E,0.41414141414141414,-131.0,136.6,19.24,-6.200000000000001,-3.5,143.8,0,0,0,0,0,0,1,0
A,181,ASN,E,0.006369426751592357,-126.3,137.8,18.44,-4.7,-3.5,114.1,0,0,0,0,0,0,1,1
A,182,THR,E,0.323943661971831,-139.6,145.5,21.48,-5.6000000000000005,-0.7,116.1,0,0,0,0,0,0,0,1
A,183,PRO,E,0.16176470588235295,-67.2,143.9,25.35,-0.4,-1.6,112.7,0,0,0,0,0,1,0,0
A,184,ILE,S,0.3076923076923077,-77.6,-47.8,22.12,-3.4000000000000004,4.5,166.7,0,1,0,0,0,0,0,0
A,185,GLY,S,0.2619047619047619,-72.7,-154.9,25.04,-0.8999999999999999,-0.4,60.1,0,0,0,0,0,1,0,0
A,186,ASP,S,1.0,-122.5,11.7,23.55,-0.2,-3.5,111.1,-1,0,0,0,1,0,0,0
A,187,GLY,S,0.23809523809523808,-81.2,162.6,24.2,-0.30000000000000004,-0.4,60.1,0,0,0,0,0,1,0,0
A,188,PRO,-,0.7720588235294118,-73.3,157.5,28.98,-0.4,-1.6,112.7,0,0,0,0,0,1,0,0
A,189,VAL,-,0.14084507042253522,-139.2,165.7,39.41,-0.7999999999999999,4.2,140.0,0,1,0,0,0,0,0,0
A,190,LEU,P,0.3719512195121951,-92.3,125.4,46.37,-0.7999999999999999,3.8,166.7,0,1,0,0,0,0,0,0
A,191,LEU,P,0.39634146341463417,-96.2,120.2,41.98,-0.8999999999999999,3.8,166.7,0,1,0,0,0,0,0,0
A,192,PRO,P,0.029411764705882353,-88.6,164.1,38.56,-0.6000000000000001,-1.6,112.7,0,0,0,0,0,1,0,0
A,193,ASP,P,0.5214723926380368,-86.7,156.6,23.49,-0.30000000000000004,-3.5,111.1,-1,0,0,0,1,0,0,0
A,194,ASN,S,0.6114649681528662,-53.8,134.2,27.25,-0.8,-3.5,114.1,0,0,0,0,0,0,0,0
A,195,HIS,E,0.04891304347826087,-165.7,-177.0,28.39,-5.6,-3.2,153.2,1,0,1,1,0,0,0,0
A,196,TYR,E,0.3333333333333333,-141.2,164.6,26.98,-5.5,-1.3,193.6,0,0,1,0,0,0,0,0
A,197,LEU,E,0.0,-111.6,132.3,25.27,-5.8999999999999995,3.8,166.7,0,1,0,0,0,0,1,0
A,198,SER,E,0.3769230769230769,-98.5,119.7,25.28,-6.5,-0.8,89.0,0,0,0,0,0,0,0,0
A,199,THR,E,0.13380281690140844,-120.2,133.5,19.0,-5.5,-0.7,116.1,0,0,0,0,0,0,1,1
A,200,GLN,E,0.5454545454545454,-129.0,135.9,24.7,-5.1000000000000005,-3.5,143.8,0,0,0,0,0,0,0,1
A,201,SER,E,0.1,-135.4,154.1,17.26,-1.2,-0.8,89.0,0,0,0,0,0,0,0,0
A,202,ALA,E,0.5,-137.2,130.6,20.07,-5.3,1.8,88.6,0,0,0,0,0,0,0,0
A,203,LEU,E,0.16463414634146342,-106.5,138.3,18.22,-1.0999999999999999,3.8,166.7,0,1,0,0,0,0,0,0
A,204,SER,E,0.4307692307692308,-144.4,-179.1,19.56,-5.6000000000000005,-0.8,89.0,0,0,0,0,0,0,0,0
A,205,LYS,-,0.4682926829268293,-130.2,151.4,20.95,-0.6000000000000001,-3.9,168.6,1,0,0,1,0,0,0,0
A,206,ASP,-,0.294478527607362,-101.4,117.6,21.92,-2.2,-3.5,111.1,-1,0,0,0,1,0,0,0
A,207,PRO,T,0.8602941176470589,-55.9,-29.3,24.29,-0.1,-1.6,112.7,0,0,0,0,0,1,0,0
A,208,ASN,T,0.8980891719745223,-86.4,-9.7,23.75,-0.6,-3.5,114.1,0,0,0,0,0,0,0,0
A,209,GLU,-,0.15463917525773196,-87.0,120.3,24.08,-2.1,-3.5,138.4,-1,0,0,0,1,0,1,0
A,210,LYS,-,0.9658536585365853,-88.8,-27.7,34.13,-1.0,-3.9,168.6,1,0,0,1,0,0,1,0
A,211,ARG,S,0.5806451612903226,-74.4,157.5,38.79,-0.6,-4.5,173.4,1,0,0,1,0,0,0,0
A,212,ASP,S,0.294478527607362,-66.5,118.4,47.78,-3.4999999999999996,-3.5,111.1,-1,0,0,0,1,0,0,0
A,213,HIS,E,0.05434782608695652,-150.1,-175.3,39.39,-1.0999999999999999,-3.2,153.2,1,0,1,1,0,0,1,0
A,214,MET,E,0.0,-153.2,130.8,34.78,-5.6000000000000005,1.9,162.9,0,1,0,0,0,0,1,0
A,215,VAL,E,0.24647887323943662,-103.2,128.4,32.06,-5.6000000000000005,4.2,140.0,0,1,0,0,0,0,1,0
A,216,LEU,E,0.03048780487804878,-122.7,137.6,28.2,-6.9,3.8,166.7,0,1,0,0,0,0,1,0
A,217,LEU,E,0.3475609756097561,-130.9,124.1,29.26,-5.3,3.8,166.7,0,1,0,0,0,0,1,1
A,218,GLU,E,0.13917525773195877,-134.0,153.9,26.31,-5.300000000000001,-3.5,138.4,-1,0,0,0,1,0,0,0
A,219,PHE,E,0.3299492385786802,-129.2,125.9,24.4,-5.000000000000001,2.8,189.9,0,1,1,0,0,0,0,0
A,220,VAL,E,0.04929577464788732,-131.1,131.7,19.63,-5.9,4.2,140.0,0,1,0,0,0,0,0,0
A,221,THR,E,0.2605633802816901,-139.2,136.5,23.56,-6.1000000000000005,-0.7,116.1,0,0,0,0,0,0,0,0
A,222,ALA,E,0.02830188679245283,-79.2,142.7,19.73,-3.6999999999999997,1.8,88.6,0,0,0,0,0,0,1,0
A,223,ALA,E,0.24528301886792453,-151.9,-173.3,16.49,-4.9,1.8,88.6,0,0,0,0,0,0,0,1
A,224,GLY,-,0.6428571428571429,88.6,1.7,15.36,-0.7000000000000001,-0.4,60.1,0,0,0,0,0,1,0,0
A,225,ILE,-,0.5029585798816568,-134.3,360.0,21.64,-0.30000000000000004,4.5,166.7,0,1,0,0,0,0,0,0
